{"Center":[-0.1617637984173263,0.6455446230737194],"MaxIterations":400,"Zoom":4.9550434541420127,"WidthPixel":700,"HeightPixel":700}