{"Center":[-0.10611292913666935,0.88915800729287975],"MaxIterations":200,"Zoom":525.81968678489693,"WidthPixel":700,"HeightPixel":700}