{"Center":[-0.10453644314868815,0.8792336526447313],"MaxIterations":200,"Zoom":70.918005671077495,"WidthPixel":700,"HeightPixel":700}