{"Center":[-0.31836734693877544,0.26122448979591839],"MaxIterations":200,"Zoom":2.2685185185185186,"WidthPixel":700,"HeightPixel":700}