{"Center":[-0.17659099184863464,0.69002620336764453],"MaxIterations":400,"Zoom":6.0699282313239653,"WidthPixel":700,"HeightPixel":700}