{"Center":[-0.10611292913666937,0.88863751668097479],"MaxIterations":200,"Zoom":312.20543902853257,"WidthPixel":700,"HeightPixel":700}