{"Center":[-0.16094006544892026,0.64307342416850144],"MaxIterations":400,"Zoom":4.9049925101607803,"WidthPixel":700,"HeightPixel":700}