{"Center":[-1.2724897959183674,-0.0424489795918368],"MaxIterations":200,"Zoom":7.0483314154200221,"WidthPixel":700,"HeightPixel":700}