{"Center":[-0.1335043731778427,0.71048396501457711],"MaxIterations":200,"Zoom":6.3190862196020632,"WidthPixel":700,"HeightPixel":700}