{"Center":[-0.10611292913666935,0.88935819598976629],"MaxIterations":200,"Zoom":713.61243206521738,"WidthPixel":700,"HeightPixel":700}