{"Center":[-1.4771192521211405,-0.0052610665556018484],"MaxIterations":500,"Zoom":14354.004055708598,"WidthPixel":700,"HeightPixel":700}