{"Center":[-0.068571428571428505,0],"MaxIterations":200,"Zoom":1.0606060606060606,"WidthPixel":700,"HeightPixel":700}