{"Center":[-0.10611292913666935,0.88891778085661599],"MaxIterations":200,"Zoom":399.62296195652169,"WidthPixel":700,"HeightPixel":700}