{"Center":[-1.4726445314452317,-0.011556251561849246],"MaxIterations":200,"Zoom":73.038041838234562,"WidthPixel":700,"HeightPixel":700}