{"Center":[-0.16258753138573229,0.64801582197893748],"MaxIterations":400,"Zoom":5.0061263763496617,"WidthPixel":700,"HeightPixel":700}