{"Center":[-0.1069887546855478,0.83018742190753847],"MaxIterations":200,"Zoom":17.169622425629292,"WidthPixel":700,"HeightPixel":700}