{"Center":[-0.15846886654370218,0.63565982745284721],"MaxIterations":400,"Zoom":4.7607280245678156,"WidthPixel":700,"HeightPixel":700}