{"Center":[-0.17534693877551033,0.55706122448979578],"MaxIterations":200,"Zoom":3.8043478260869565,"WidthPixel":700,"HeightPixel":700}