{"Center":[-0.10967097042898802,0.81677634319033732],"MaxIterations":200,"Zoom":14.222248548750148,"WidthPixel":700,"HeightPixel":700}