{"Center":[-0.33795918367346944,0.23510204081632657],"MaxIterations":200,"Zoom":2.2032374100719423,"WidthPixel":700,"HeightPixel":700}