{"Center":[-1.4771164085712591,-0.005256801230779708],"MaxIterations":500,"Zoom":11722.436645495354,"WidthPixel":700,"HeightPixel":700}