{"Center":[-0.10392336526447324,0.87616826322365671],"MaxIterations":200,"Zoom":59.31324110671936,"WidthPixel":700,"HeightPixel":700}