{"Center":[-0.10611292913666935,0.88939823372914351],"MaxIterations":200,"Zoom":768.50569607023408,"WidthPixel":700,"HeightPixel":700}