{"Center":[-0.10234687927649205,0.86828583328375075],"MaxIterations":200,"Zoom":41.746979572371032,"WidthPixel":700,"HeightPixel":700}