{"Center":[-1.4770885654786701,-0.0052191834354733298],"MaxIterations":500,"Zoom":5419.0397333911105,"WidthPixel":700,"HeightPixel":700}