{"Center":[-0.23020408163265316,0.37877551020408162],"MaxIterations":200,"Zoom":2.6175213675213675,"WidthPixel":700,"HeightPixel":700}