{"Center":[-1.4106215743440234,-0.017716618075801757],"MaxIterations":200,"Zoom":20.132888805409465,"WidthPixel":700,"HeightPixel":700}