{"Center":[-0.14959766763848414,0.65147521865889213],"MaxIterations":200,"Zoom":5.0381903642773205,"WidthPixel":700,"HeightPixel":700}