{"Center":[-1.3953819241982508,-0.018845481049562705],"MaxIterations":200,"Zoom":17.284821608546665,"WidthPixel":700,"HeightPixel":700}