{"Center":[-0.2400000000000001,0.36571428571428577],"MaxIterations":200,"Zoom":2.5735294117647061,"WidthPixel":700,"HeightPixel":700}