{"Center":[-0.15428571428571436,0],"MaxIterations":200,"Zoom":1.1475409836065573,"WidthPixel":700,"HeightPixel":700}