{"Center":[-0.43591836734693867,0.10448979591836749],"MaxIterations":200,"Zoom":1.9261006289308176,"WidthPixel":700,"HeightPixel":700}