{"Center":[-0.10585018147200581,0.88580234426131965],"MaxIterations":200,"Zoom":122.11549639618691,"WidthPixel":700,"HeightPixel":700}