{"Center":[-0.21718950437317797,0.40363848396501445],"MaxIterations":200,"Zoom":2.7213582989527136,"WidthPixel":700,"HeightPixel":700}