{"Center":[-0.15603498542274069,0.62787172011661796],"MaxIterations":200,"Zoom":4.6603260869565215,"WidthPixel":700,"HeightPixel":700}