{"Center":[-0.10611292913666935,0.88883770537786133],"MaxIterations":200,"Zoom":370.02126107085343,"WidthPixel":700,"HeightPixel":700}