{"Center":[-0.47510204081632657,0.052244897959183634],"MaxIterations":200,"Zoom":1.8338323353293413,"WidthPixel":700,"HeightPixel":700}