{"Center":[-0.22285714285714287,0],"MaxIterations":200,"Zoom":1.2280701754385965,"WidthPixel":700,"HeightPixel":700}