{"Center":[-0.10103314095317437,0.86171714166716251],"MaxIterations":200,"Zoom":33.483281269922216,"WidthPixel":700,"HeightPixel":700}