{"Center":[-0.1463790087463559,0.66327696793002922],"MaxIterations":200,"Zoom":5.2510716472749541,"WidthPixel":700,"HeightPixel":700}