{"Center":[-0.28897959183673461,0.30040816326530617],"MaxIterations":200,"Zoom":2.3740310077519378,"WidthPixel":700,"HeightPixel":700}