{"Center":[-0.11197001249479396,0.80528113286130787],"MaxIterations":200,"Zoom":12.398017143447278,"WidthPixel":700,"HeightPixel":700}