{"Center":[-1.4411008746355687,-0.015458892128279889],"MaxIterations":200,"Zoom":30.028715506373441,"WidthPixel":700,"HeightPixel":700}