{"Center":[-0.10392336526447324,0.84551436901291122],"MaxIterations":200,"Zoom":22.498125937031482,"WidthPixel":700,"HeightPixel":700}