{"Center":[-0.10611292913666937,0.88851740346284291],"MaxIterations":200,"Zoom":285.44497282608694,"WidthPixel":700,"HeightPixel":700}