{"Center":[-0.10541226869756659,0.8836127803891235],"MaxIterations":200,"Zoom":98.429300974512728,"WidthPixel":700,"HeightPixel":700}