{"Center":[-1.4758376009995839,-0.0066215077051228789],"MaxIterations":200,"Zoom":252.07031512463882,"WidthPixel":700,"HeightPixel":700}