{"Center":[-0.10611292913666937,0.88835725250533371],"MaxIterations":200,"Zoom":256.16856535674469,"WidthPixel":700,"HeightPixel":700}