{"Center":[-0.10611292913666935,0.88943827146852084],"MaxIterations":200,"Zoom":832.54783740942025,"WidthPixel":700,"HeightPixel":700}