{"Center":[-0.11005414410662234,0.81486047480216572],"MaxIterations":200,"Zoom":13.881822386679,"WidthPixel":700,"HeightPixel":700}