{"Center":[-0.17247232700660453,0.67767020884155427],"MaxIterations":400,"Zoom":5.7128736294813791,"WidthPixel":700,"HeightPixel":700}