{"Center":[-0.13028571428571445,0.7222857142857142],"MaxIterations":200,"Zoom":6.6576086956521738,"WidthPixel":700,"HeightPixel":700}