{"Center":[-1.3344233236151606,-0.023360932944606436],"MaxIterations":200,"Zoom":11.038593239103008,"WidthPixel":700,"HeightPixel":700}