{"Center":[-0.11580174927113715,0.78612244897959183],"MaxIterations":200,"Zoom":10.214413341274568,"WidthPixel":700,"HeightPixel":700}