{"Center":[-0.10611292913666935,0.8881971015478245],"MaxIterations":200,"Zoom":232.33893137007075,"WidthPixel":700,"HeightPixel":700}