{"Center":[-0.10471160825846385,0.88010947819360985],"MaxIterations":200,"Zoom":75.117098112128147,"WidthPixel":700,"HeightPixel":700}