{"Center":[-1.4771135650213778,-0.0052525359059575685],"MaxIterations":500,"Zoom":9906.2844891510031,"WidthPixel":700,"HeightPixel":700}