{"Center":[-0.11426905456059985,0.7937859225322782],"MaxIterations":200,"Zoom":10.988558352402745,"WidthPixel":700,"HeightPixel":700}