{"Center":[-1.0857142857142859,-0.11428571428571432],"MaxIterations":200,"Zoom":3.1818181818181817,"WidthPixel":700,"HeightPixel":700}