{"Center":[-0.10094555839828653,0.86127922889272324],"MaxIterations":200,"Zoom":33.047174856855214,"WidthPixel":700,"HeightPixel":700}