{"Center":[-0.1165680966264058,0.78229071220324864],"MaxIterations":200,"Zoom":9.8668529629325228,"WidthPixel":700,"HeightPixel":700}