{"Center":[-0.16247230320699713,0.60426822157434401],"MaxIterations":200,"Zoom":4.3351870576339735,"WidthPixel":700,"HeightPixel":700}