{"Center":[-0.11043731778425667,0.81294460641399413],"MaxIterations":200,"Zoom":13.557312252964426,"WidthPixel":700,"HeightPixel":700}