{"Center":[-0.26938775510204083,0.32653061224489799],"MaxIterations":200,"Zoom":2.4499999999999997,"WidthPixel":700,"HeightPixel":700}