{"Center":[-0.10611292913666937,0.88823713928720183],"MaxIterations":200,"Zoom":237.87081068840578,"WidthPixel":700,"HeightPixel":700}