{"Center":[-0.42612244897959173,0.11755102040816334],"MaxIterations":200,"Zoom":1.9506369426751591,"WidthPixel":700,"HeightPixel":700}