{"Center":[-0.11771761765930874,0.77654310703873386],"MaxIterations":200,"Zoom":9.3877072255239273,"WidthPixel":700,"HeightPixel":700}