{"Center":[-0.9771428571428572,-0.10285714285714298],"MaxIterations":200,"Zoom":2.6119402985074629,"WidthPixel":700,"HeightPixel":700}