{"Center":[-0.11235318617242829,0.80336526447313616],"MaxIterations":200,"Zoom":12.138523761375126,"WidthPixel":700,"HeightPixel":700}