{"Center":[-0.16341126435413839,0.65048702088415555],"MaxIterations":400,"Zoom":5.0582735261033038,"WidthPixel":700,"HeightPixel":700}