{"Center":[-1.4771107214714963,-0.0052482705811354273],"MaxIterations":500,"Zoom":8577.3926674356262,"WidthPixel":700,"HeightPixel":700}