{"Center":[-0.14316034985422754,0.67507871720116608],"MaxIterations":200,"Zoom":5.4827365728900253,"WidthPixel":700,"HeightPixel":700}