{"Center":[-0.18178425655976693,0.53345772594752183],"MaxIterations":200,"Zoom":3.5848662207357864,"WidthPixel":700,"HeightPixel":700}