{"Center":[-1.4769019575177014,-0.0049765930862140928],"MaxIterations":200,"Zoom":1377.9843893480254,"WidthPixel":700,"HeightPixel":700}