{"Center":[-0.24979591836734705,0.35265306122448981],"MaxIterations":200,"Zoom":2.53099173553719,"WidthPixel":700,"HeightPixel":700}