{"Center":[-0.35999999999999999,0],"MaxIterations":200,"Zoom":1.4285714285714286,"WidthPixel":700,"HeightPixel":700}