{"Center":[-0.10813827571845075,0.8244398167430238],"MaxIterations":200,"Zoom":15.769079206620255,"WidthPixel":700,"HeightPixel":700}