{"Center":[-0.10611292913666937,0.88847736572346558],"MaxIterations":200,"Zoom":277.51594580314008,"WidthPixel":700,"HeightPixel":700}