{"Center":[-0.27428571428571424,1.1102230246251565E-16],"MaxIterations":200,"Zoom":1.2962962962962963,"WidthPixel":700,"HeightPixel":700}