{"Center":[-1.4771237814898803,-0.0052637679279892036],"MaxIterations":1000,"Zoom":23092.980258480533,"WidthPixel":700,"HeightPixel":700}