{"Center":[-0.10611292913666935,0.88783676189342886],"MaxIterations":200,"Zoom":192.12642401755852,"WidthPixel":700,"HeightPixel":700}