{"Center":[-0.051428571428571379,1.1102230246251565E-16],"MaxIterations":200,"Zoom":1.044776119402985,"WidthPixel":700,"HeightPixel":700}