{"Center":[-0.396734693877551,0.15673469387755101],"MaxIterations":200,"Zoom":2.0281456953642385,"WidthPixel":700,"HeightPixel":700}