{"Center":[-0.25714285714285701,-1.1102230246251565E-16],"MaxIterations":200,"Zoom":1.2727272727272727,"WidthPixel":700,"HeightPixel":700}