{"Center":[-0.15764513357529619,0.63318862854762914],"MaxIterations":400,"Zoom":4.7145073641351187,"WidthPixel":700,"HeightPixel":700}