{"Center":[-0.46285714285714297,0],"MaxIterations":200,"Zoom":1.6279069767441861,"WidthPixel":700,"HeightPixel":700}