{"Center":[-0.10611292913666935,0.88923808277163441],"MaxIterations":200,"Zoom":587.68082640664954,"WidthPixel":700,"HeightPixel":700}