{"Center":[-0.17329605997501058,0.68014140774677234],"MaxIterations":400,"Zoom":5.7808840298323485,"WidthPixel":700,"HeightPixel":700}