{"Center":[-0.15682140060689015,0.63071742964241106],"MaxIterations":400,"Zoom":4.6691755625568971,"WidthPixel":700,"HeightPixel":700}