{"Center":[-0.10331028738025833,0.87310287380258211],"MaxIterations":200,"Zoom":50.972316576086953,"WidthPixel":700,"HeightPixel":700}