{"Center":[-0.1014710537276136,0.86390670553935855],"MaxIterations":200,"Zoom":35.848662207357862,"WidthPixel":700,"HeightPixel":700}