{"Center":[-0.10532468614267876,0.88317486761468433],"MaxIterations":200,"Zoom":94.753517950568266,"WidthPixel":700,"HeightPixel":700}