{"Center":[-0.12231570179092055,0.75355268638067463],"MaxIterations":200,"Zoom":7.8607909900471453,"WidthPixel":700,"HeightPixel":700}