{"Center":[-0.10611292913666935,0.88931815825038896],"MaxIterations":200,"Zoom":666.03826992753625,"WidthPixel":700,"HeightPixel":700}