{"Center":[-0.10611292913666935,0.88719615806339203],"MaxIterations":200,"Zoom":146.92020660166239,"WidthPixel":700,"HeightPixel":700}