{"Center":[-0.10611292913666937,0.88899785633537054],"MaxIterations":200,"Zoom":434.37278473534974,"WidthPixel":700,"HeightPixel":700}