{"Center":[-1.4563405247813412,-0.014330029154518961],"MaxIterations":200,"Zoom":39.813353143281638,"WidthPixel":700,"HeightPixel":700}