{"Center":[-0.1226988754685549,0.75163681799250304],"MaxIterations":200,"Zoom":7.7556689708637512,"WidthPixel":700,"HeightPixel":700}