{"Center":[-0.10593776402689366,0.88624025703575882],"MaxIterations":200,"Zoom":128.2898754274548,"WidthPixel":700,"HeightPixel":700}