{"Center":[-0.1089046230737194,0.8206080799666805],"MaxIterations":200,"Zoom":14.955774261866202,"WidthPixel":700,"HeightPixel":700}