{"Center":[-0.34285714285714275,1.1102230246251565E-16],"MaxIterations":200,"Zoom":1.3999999999999999,"WidthPixel":700,"HeightPixel":700}