{"Center":[-1.4770678312607846,-0.0051922289522223037],"MaxIterations":500,"Zoom":4087.2418328119397,"WidthPixel":700,"HeightPixel":700}