{"Center":[-0.16917739513298047,0.66778541322068208],"MaxIterations":400,"Zoom":5.4561152641114301,"WidthPixel":700,"HeightPixel":700}