{"Center":[-0.1885714285714285,1.1102230246251565E-16],"MaxIterations":200,"Zoom":1.1864406779661016,"WidthPixel":700,"HeightPixel":700}