{"Center":[-0.10611292913666937,0.88815706380844728],"MaxIterations":200,"Zoom":227.05850111166006,"WidthPixel":700,"HeightPixel":700}