{"Center":[-0.49714285714285711,0],"MaxIterations":200,"Zoom":1.7073170731707317,"WidthPixel":700,"HeightPixel":700}