{"Center":[-0.1040109478193611,0.87660617599809598],"MaxIterations":200,"Zoom":60.732972941720618,"WidthPixel":700,"HeightPixel":700}