{"Center":[-0.10430653894210758,0.84359850062473962],"MaxIterations":200,"Zoom":21.657946960129891,"WidthPixel":700,"HeightPixel":700}