{"Center":[-1.2024489795918369,-0.069387755102040843],"MaxIterations":200,"Zoom":4.8418972332015811,"WidthPixel":700,"HeightPixel":700}