{"Center":[-0.17576725888022865,0.68755500446242657],"MaxIterations":400,"Zoom":5.9949908457520644,"WidthPixel":700,"HeightPixel":700}