{"Center":[-0.10611292913666937,0.88911796955350242],"MaxIterations":200,"Zoom":499.52870244565213,"WidthPixel":700,"HeightPixel":700}