{"Center":[-0.36734693877551028,0.19591836734693879],"MaxIterations":200,"Zoom":2.1120689655172411,"WidthPixel":700,"HeightPixel":700}