{"Center":[-0.10506193847801522,0.88186112929136673],"MaxIterations":200,"Zoom":85.207454574951328,"WidthPixel":700,"HeightPixel":700}