{"Center":[-0.10374820015469755,0.87529243767477838],"MaxIterations":200,"Zoom":56.664014456791449,"WidthPixel":700,"HeightPixel":700}