{"Center":[-1.4770263628250138,-0.0051383199857202508],"MaxIterations":500,"Zoom":2740.3098651807322,"WidthPixel":700,"HeightPixel":700}