{"Center":[-0.12116618075801758,0.75930029154518941],"MaxIterations":200,"Zoom":8.1939799331103682,"WidthPixel":700,"HeightPixel":700}