{"Center":[-0.10507288629737623,0.83976676384839644],"MaxIterations":200,"Zoom":20.152761457109282,"WidthPixel":700,"HeightPixel":700}