{"Center":[-0.10409853037424893,0.87704408877253526],"MaxIterations":200,"Zoom":62.222337400781889,"WidthPixel":700,"HeightPixel":700}