{"Center":[-0.10173380139227714,0.86522044386267627],"MaxIterations":200,"Zoom":37.435406272273696,"WidthPixel":700,"HeightPixel":700}