{"Center":[-0.10315701790920462,0.8493461057892544],"MaxIterations":200,"Zoom":24.390491670052825,"WidthPixel":700,"HeightPixel":700}