{"Center":[-0.1150354019158685,0.7899541857559349],"MaxIterations":200,"Zoom":10.587353382132463,"WidthPixel":700,"HeightPixel":700}