{"Center":[-0.10155863628250143,0.86434461831379772],"MaxIterations":200,"Zoom":36.36241692052063,"WidthPixel":700,"HeightPixel":700}