{"Center":[-0.10287237460581911,0.87091330993038607],"MaxIterations":200,"Zoom":46.319671046829519,"WidthPixel":700,"HeightPixel":700}