{"Center":[-0.27918367346938777,0.31346938775510202],"MaxIterations":200,"Zoom":2.4114173228346458,"WidthPixel":700,"HeightPixel":700}