{"Center":[-0.19999999999999996,0.37142857142857133],"MaxIterations":200,"Zoom":3.0434782608695654,"WidthPixel":700,"HeightPixel":700}