{"Center":[-0.10611292913666937,0.88791683737218341],"MaxIterations":200,"Zoom":199.81148097826085,"WidthPixel":700,"HeightPixel":700}