{"Center":[-0.10611292913666935,0.88831721476595638],"MaxIterations":200,"Zoom":249.76435122282607,"WidthPixel":700,"HeightPixel":700}