{"Center":[-0.10611292913666937,0.88787679963280608],"MaxIterations":200,"Zoom":195.89360880221653,"WidthPixel":700,"HeightPixel":700}