{"Center":[-0.085714285714285743,0],"MaxIterations":200,"Zoom":1.0769230769230769,"WidthPixel":700,"HeightPixel":700}