{"Center":[-0.21714285714285719,-0.022857142857142909],"MaxIterations":200,"Zoom":1.1589403973509933,"WidthPixel":700,"HeightPixel":700}