{"Center":[-0.12154935443565196,0.75738442315701793],"MaxIterations":200,"Zoom":8.0798223179431954,"WidthPixel":700,"HeightPixel":700}