{"Center":[-0.10611292913666935,0.88907793181412509],"MaxIterations":200,"Zoom":475.74162137681157,"WidthPixel":700,"HeightPixel":700}