{"Center":[-0.50448979591836729,0.013061224489795853],"MaxIterations":200,"Zoom":1.7702312138728327,"WidthPixel":700,"HeightPixel":700}