{"Center":[-0.13714285714285712,0],"MaxIterations":200,"Zoom":1.1290322580645162,"WidthPixel":700,"HeightPixel":700}