{"Center":[-0.10295995716070694,0.87135122270482535],"MaxIterations":200,"Zoom":47.180987243981313,"WidthPixel":700,"HeightPixel":700}