{"Center":[-0.11695127030404012,0.78037484381507705],"MaxIterations":200,"Zoom":9.7017940843704533,"WidthPixel":700,"HeightPixel":700}