{"Center":[-1.1791020408163266,-0.078367346938775589],"MaxIterations":200,"Zoom":4.3843951324266284,"WidthPixel":700,"HeightPixel":700}