{"Center":[-0.097142857142857086,1.1102230246251565E-16],"MaxIterations":200,"Zoom":1.0869565217391304,"WidthPixel":700,"HeightPixel":700}