{"Center":[-0.1030475397155948,0.87178913547926462],"MaxIterations":200,"Zoom":48.074942791762005,"WidthPixel":700,"HeightPixel":700}