{"Center":[-0.19465889212827997,0.48625072886297371],"MaxIterations":200,"Zoom":3.2140179910044977,"WidthPixel":700,"HeightPixel":700}