{"Center":[-0.10383578270958539,0.87573035044921754],"MaxIterations":200,"Zoom":57.958370116971963,"WidthPixel":700,"HeightPixel":700}