{"Center":[-1.4731767097042903,-0.010733794252394851],"MaxIterations":200,"Zoom":82.844752866614769,"WidthPixel":700,"HeightPixel":700}