{"Center":[-0.15435020170167207,0.62330383292675684],"MaxIterations":400,"Zoom":4.5382640981861417,"WidthPixel":700,"HeightPixel":700}