{"Center":[-0.10243446183137989,0.86872374605819003],"MaxIterations":200,"Zoom":42.445349119120735,"WidthPixel":700,"HeightPixel":700}