{"Center":[-0.13994169096209927,0.68688046647230316],"MaxIterations":200,"Zoom":5.735785953177257,"WidthPixel":700,"HeightPixel":700}