{"Center":[-1.4771220956710218,-0.0052653318804239888],"MaxIterations":500,"Zoom":18509.110492887405,"WidthPixel":700,"HeightPixel":700}