{"Center":[-0.10611292913666937,0.88763657319654232],"MaxIterations":200,"Zoom":175.27322892829901,"WidthPixel":700,"HeightPixel":700}