{"Center":[-1.4771178303461998,-0.0052589338931907786],"MaxIterations":500,"Zoom":12905.434839077454,"WidthPixel":700,"HeightPixel":700}