{"Center":[-1.4771092996965556,-0.0052461379187243567],"MaxIterations":500,"Zoom":8038.2422711968147,"WidthPixel":700,"HeightPixel":700}