{"Center":[-0.29877551020408166,0.28734693877551021],"MaxIterations":200,"Zoom":2.3377862595419847,"WidthPixel":700,"HeightPixel":700}