{"Center":[-0.29142857142857137,0],"MaxIterations":200,"Zoom":1.320754716981132,"WidthPixel":700,"HeightPixel":700}