{"Center":[-0.10660558100791347,0.83210329029571006],"MaxIterations":200,"Zoom":17.693441414885775,"WidthPixel":700,"HeightPixel":700}