{"Center":[-0.15929259951210828,0.63813102635806529],"MaxIterations":400,"Zoom":4.8078639456031409,"WidthPixel":700,"HeightPixel":700}