{"Center":[-0.11465222823823418,0.79187005414410661],"MaxIterations":200,"Zoom":10.784225655767157,"WidthPixel":700,"HeightPixel":700}