{"Center":[-0.10611292913666935,0.88795687511156074],"MaxIterations":200,"Zoom":203.88926630434781,"WidthPixel":700,"HeightPixel":700}