{"Center":[-1.4769434259534722,-0.0050305020527161449],"MaxIterations":500,"Zoom":1651.6936173692084,"WidthPixel":700,"HeightPixel":700}