{"Center":[-0.12346522282382355,0.74780508121615996],"MaxIterations":200,"Zoom":7.5536399672811925,"WidthPixel":700,"HeightPixel":700}