{"Center":[-0.76000000000000012,-0.080000000000000071],"MaxIterations":200,"Zoom":1.9230769230769231,"WidthPixel":700,"HeightPixel":700}