{"Center":[-0.19144023323615172,0.49805247813411069],"MaxIterations":200,"Zoom":3.2993459022701037,"WidthPixel":700,"HeightPixel":700}