{"Center":[-0.10611292913666935,0.88947830920789817],"MaxIterations":200,"Zoom":908.23400444664026,"WidthPixel":700,"HeightPixel":700}