{"Center":[-0.16011633248051421,0.64060222526328325],"MaxIterations":400,"Zoom":4.8559425850591715,"WidthPixel":700,"HeightPixel":700}