{"Center":[-0.10611292913666937,0.88727623354214658],"MaxIterations":200,"Zoom":151.37233407444003,"WidthPixel":700,"HeightPixel":700}