{"Center":[-0.10611292913666935,0.88747642223903311],"MaxIterations":200,"Zoom":163.77990244119741,"WidthPixel":700,"HeightPixel":700}