{"Center":[-0.10190896650205282,0.8660962694115546],"MaxIterations":200,"Zoom":38.573644976498237,"WidthPixel":700,"HeightPixel":700}