{"Center":[-0.15281632653061233,0.63967346938775504],"MaxIterations":200,"Zoom":4.8418972332015811,"WidthPixel":700,"HeightPixel":700}