{"Center":[-0.49469387755102034,0.026122448979591928],"MaxIterations":200,"Zoom":1.7909356725146199,"WidthPixel":700,"HeightPixel":700}