{"Center":[-0.10418611292913677,0.87748200154697442],"MaxIterations":200,"Zoom":63.786586106388143,"WidthPixel":700,"HeightPixel":700}