{"Center":[-0.10164621883738928,0.86478253108823699],"MaxIterations":200,"Zoom":36.891111189155019,"WidthPixel":700,"HeightPixel":700}