{"Center":[-0.45551020408163279,0.078367346938775562],"MaxIterations":200,"Zoom":1.878834355828221,"WidthPixel":700,"HeightPixel":700}