{"Center":[-0.40653061224489795,0.14367346938775516],"MaxIterations":200,"Zoom":2.0016339869281046,"WidthPixel":700,"HeightPixel":700}