{"Center":[-0.39428571428571435,0],"MaxIterations":200,"Zoom":1.4893617021276595,"WidthPixel":700,"HeightPixel":700}