{"Center":[-0.17494352591182266,0.68508380555720849],"MaxIterations":400,"Zoom":5.9218812012916731,"WidthPixel":700,"HeightPixel":700}