{"Center":[-0.10611292913666935,0.88807698832969262],"MaxIterations":200,"Zoom":217.18639236767487,"WidthPixel":700,"HeightPixel":700}