{"Center":[-1.4769226917355867,-0.0050035475694651188],"MaxIterations":500,"Zoom":1502.4751908779092,"WidthPixel":700,"HeightPixel":700}