{"Center":[-0.10120830606295006,0.86259296721604084],"MaxIterations":200,"Zoom":34.390960581456255,"WidthPixel":700,"HeightPixel":700}