{"Center":[-0.10611292913666935,0.88723619580276925],"MaxIterations":200,"Zoom":149.11304550616481,"WidthPixel":700,"HeightPixel":700}