{"Center":[-0.10611292913666937,0.88887774311723855],"MaxIterations":200,"Zoom":384.25284803511704,"WidthPixel":700,"HeightPixel":700}