{"Center":[-0.10366061759980971,0.8748545249003391],"MaxIterations":200,"Zoom":55.426208315745029,"WidthPixel":700,"HeightPixel":700}