{"Center":[-1.471580174927114,-0.013201166180758034],"MaxIterations":200,"Zoom":59.056473829201096,"WidthPixel":700,"HeightPixel":700}