{"Center":[-0.4285714285714286,0],"MaxIterations":200,"Zoom":1.5555555555555556,"WidthPixel":700,"HeightPixel":700}