{"Center":[-0.91428571428571437,0.057142857142857162],"MaxIterations":200,"Zoom":2.9166666666666665,"WidthPixel":700,"HeightPixel":700}