{"Center":[-0.10611292913666935,0.88927812051101163],"MaxIterations":200,"Zoom":624.41087805706513,"WidthPixel":700,"HeightPixel":700}