{"Center":[-0.38693877551020406,0.16979591836734698],"MaxIterations":200,"Zoom":2.0553691275167782,"WidthPixel":700,"HeightPixel":700}