{"Center":[-1.4721123531861728,-0.012378708871303643],"MaxIterations":200,"Zoom":65.307317030712113,"WidthPixel":700,"HeightPixel":700}