{"Center":[-0.1060253465817815,0.88667816981019798],"MaxIterations":200,"Zoom":135.12188062773345,"WidthPixel":700,"HeightPixel":700}