{"Center":[-1.3801422740524783,-0.019974344023323626],"MaxIterations":200,"Zoom":15.142685597231052,"WidthPixel":700,"HeightPixel":700}