{"Center":[-0.10129588861783789,0.86303087999048012],"MaxIterations":200,"Zoom":34.863508131430464,"WidthPixel":700,"HeightPixel":700}