{"Center":[-0.10611292913666935,0.88755649771778766],"MaxIterations":200,"Zoom":169.33176354089903,"WidthPixel":700,"HeightPixel":700}