{"Center":[-0.10225929672160419,0.86784792050931148],"MaxIterations":200,"Zoom":41.071219111667183,"WidthPixel":700,"HeightPixel":700}