{"Center":[-0.41632653061224478,0.1306122448979592],"MaxIterations":200,"Zoom":1.9758064516129035,"WidthPixel":700,"HeightPixel":700}