{"Center":[-0.32571428571428573,-0.034285714285714253],"MaxIterations":200,"Zoom":1.2589928057553956,"WidthPixel":700,"HeightPixel":700}