{"Center":[-0.10611292913666937,0.8877566864146742],"MaxIterations":200,"Zoom":185.01063053542671,"WidthPixel":700,"HeightPixel":700}