{"Center":[-0.10611292913666937,0.88751645997841044],"MaxIterations":200,"Zoom":166.50956748188406,"WidthPixel":700,"HeightPixel":700}