{"Center":[-0.10611292913666935,0.88951834694727538],"MaxIterations":200,"Zoom":999.05740489130426,"WidthPixel":700,"HeightPixel":700}