{"Center":[-0.10611292913666937,0.8880369505903154],"MaxIterations":200,"Zoom":212.56540529602219,"WidthPixel":700,"HeightPixel":700}