{"Center":[-0.20431486880466482,0.45084548104956257],"MaxIterations":200,"Zoom":2.9826086956521745,"WidthPixel":700,"HeightPixel":700}