{"Center":[-1.3496629737609331,-0.022232069970845494],"MaxIterations":200,"Zoom":12.134891882712553,"WidthPixel":700,"HeightPixel":700}