{"Center":[-0.10611292913666937,0.8871561203240147],"MaxIterations":200,"Zoom":144.79092824511656,"WidthPixel":700,"HeightPixel":700}