{"Center":[-0.11925031236984601,0.76887963348604749],"MaxIterations":200,"Zoom":8.8168331374853111,"WidthPixel":700,"HeightPixel":700}