{"Center":[-0.10611292913666935,0.88771664867529698],"MaxIterations":200,"Zoom":181.64680088932806,"WidthPixel":700,"HeightPixel":700}