{"Center":[-0.16890962099125373,0.58066472303206984],"MaxIterations":200,"Zoom":4.0524574669187148,"WidthPixel":700,"HeightPixel":700}