{"Center":[-0.10611292913666935,0.88919804503225697],"MaxIterations":200,"Zoom":555.03189160628017,"WidthPixel":700,"HeightPixel":700}