{"Center":[-0.10611292913666935,0.88767661093591954],"MaxIterations":200,"Zoom":178.40310801630434,"WidthPixel":700,"HeightPixel":700}