{"Center":[-1.477124045533798,-0.0052600713131433496],"MaxIterations":1000,"Zoom":24753.259884907235,"WidthPixel":700,"HeightPixel":700}