{"Center":[-0.11311953352769691,0.79953352769679298],"MaxIterations":200,"Zoom":11.650815217391305,"WidthPixel":700,"HeightPixel":700}