{"Center":[-0.22040816326530627,0.39183673469387759],"MaxIterations":200,"Zoom":2.6630434782608696,"WidthPixel":700,"HeightPixel":700}