{"Center":[-0.10928779675135374,0.81869221157850891],"MaxIterations":200,"Zoom":14.579791110031577,"WidthPixel":700,"HeightPixel":700}