{"Center":[-0.10545605997501052,0.83785089546022484],"MaxIterations":200,"Zoom":19.475989617131734,"WidthPixel":700,"HeightPixel":700}