{"Center":[-0.10611292913666937,0.88799691285093796],"MaxIterations":200,"Zoom":208.13695935235506,"WidthPixel":700,"HeightPixel":700}