{"Center":[-1.4771235174459627,-0.0052674645428350594],"MaxIterations":500,"Zoom":21641.42149937604,"WidthPixel":700,"HeightPixel":700}