{"Center":[-1.4769641601713577,-0.0050574565359671718],"MaxIterations":500,"Zoom":1833.8195295506041,"WidthPixel":700,"HeightPixel":700}