{"Center":[-0.10357303504492185,0.87441661212589983],"MaxIterations":200,"Zoom":54.241325002581839,"WidthPixel":700,"HeightPixel":700}