{"Center":[-0.10611292913666935,0.88903789407474787],"MaxIterations":200,"Zoom":454.11700222332013,"WidthPixel":700,"HeightPixel":700}