{"Center":[-0.10085797584339869,0.86084131611828396],"MaxIterations":200,"Zoom":32.622282608695649,"WidthPixel":700,"HeightPixel":700}