{"Center":[-0.10558743380734229,0.88448860593800194],"MaxIterations":200,"Zoom":106.70840105648109,"WidthPixel":700,"HeightPixel":700}