{"Center":[-0.34285714285714286,0.11428571428571421],"MaxIterations":200,"Zoom":1.8421052631578947,"WidthPixel":700,"HeightPixel":700}