{"Center":[-0.16670619622776239,0.66037181650502785],"MaxIterations":400,"Zoom":5.27819846202084,"WidthPixel":700,"HeightPixel":700}