{"Center":[-0.54285714285714293,-0.057142857142857162],"MaxIterations":200,"Zoom":1.5217391304347827,"WidthPixel":700,"HeightPixel":700}