{"Center":[-0.10497435592312737,0.88142321651692745],"MaxIterations":200,"Zoom":82.438981321613554,"WidthPixel":700,"HeightPixel":700}