{"Center":[-0.10313512227048265,0.87222704825370378],"MaxIterations":200,"Zoom":49.003428811345394,"WidthPixel":700,"HeightPixel":700}