{"Center":[-0.37714285714285722,0.18285714285714294],"MaxIterations":200,"Zoom":2.0833333333333335,"WidthPixel":700,"HeightPixel":700}