{"Center":[-0.20753352769679317,0.43904373177842559],"MaxIterations":200,"Zoom":2.9127038043478262,"WidthPixel":700,"HeightPixel":700}