{"Center":[-0.17164859403819854,0.6751990099363363],"MaxIterations":400,"Zoom":5.646444866347875,"WidthPixel":700,"HeightPixel":700}