{"Center":[-0.10354019158683894,0.84743023740108292],"MaxIterations":200,"Zoom":23.406122051082082,"WidthPixel":700,"HeightPixel":700}