{"Center":[-0.20571428571428563,0],"MaxIterations":200,"Zoom":1.2068965517241379,"WidthPixel":700,"HeightPixel":700}