{"Center":[-0.17000112810138651,0.67025661212590004],"MaxIterations":400,"Zoom":5.5181165739308771,"WidthPixel":700,"HeightPixel":700}