{"Center":[-0.17082486106979256,0.67272781103111812],"MaxIterations":400,"Zoom":5.5815432012174391,"WidthPixel":700,"HeightPixel":700}