{"Center":[-0.18822157434402353,0.50985422740524777],"MaxIterations":200,"Zoom":3.3893280632411069,"WidthPixel":700,"HeightPixel":700}