{"Center":[-1.4737088879633489,-0.0099113369429404546],"MaxIterations":200,"Zoom":95.693360371390668,"WidthPixel":700,"HeightPixel":700}