{"Center":[-0.32816326530612261,0.24816326530612243],"MaxIterations":200,"Zoom":2.2354014598540148,"WidthPixel":700,"HeightPixel":700}