{"Center":[-0.11963348604748034,0.76696376509787578],"MaxIterations":200,"Zoom":8.6848006944946832,"WidthPixel":700,"HeightPixel":700}