{"Center":[-0.19787755102040833,0.47444897959183663],"MaxIterations":200,"Zoom":3.132992327365729,"WidthPixel":700,"HeightPixel":700}