{"Center":[-0.10138347117272575,0.86346879276491939],"MaxIterations":200,"Zoom":35.349222641001482,"WidthPixel":700,"HeightPixel":700}