{"Center":[-0.10622240733027917,0.83401915868388166],"MaxIterations":200,"Zoom":18.250228032836727,"WidthPixel":700,"HeightPixel":700}