{"Center":[-0.12706705539358609,0.73408746355685128],"MaxIterations":200,"Zoom":7.0344544708777681,"WidthPixel":700,"HeightPixel":700}