{"Center":[-0.10436127803891246,0.87835782709585286],"MaxIterations":200,"Zoom":67.163523017902804,"WidthPixel":700,"HeightPixel":700}