{"Center":[-0.17411979294341662,0.68261260665199042],"MaxIterations":400,"Zoom":5.850533235011051,"WidthPixel":700,"HeightPixel":700}