{"Center":[-0.10199654905694067,0.86653418218599398],"MaxIterations":200,"Zoom":39.169121485569391,"WidthPixel":700,"HeightPixel":700}