{"Center":[-1.477124573621633,-0.0052526780834516399],"MaxIterations":1000,"Zoom":28910.295896113028,"WidthPixel":700,"HeightPixel":700}