{"Center":[-0.10611292913666935,0.88711608258463737],"MaxIterations":200,"Zoom":142.72248641304347,"WidthPixel":700,"HeightPixel":700}