{"Center":[-0.15352646873326609,0.62083263402153877],"MaxIterations":400,"Zoom":4.4962431343140485,"WidthPixel":700,"HeightPixel":700}