{"Center":[-0.10611292913666937,0.88859747894159757],"MaxIterations":200,"Zoom":302.74466814888007,"WidthPixel":700,"HeightPixel":700}