{"Center":[-0.55102040816326525,-0.62653061224489803],"MaxIterations":200,"Zoom":245,"WidthPixel":700,"HeightPixel":700}