{"Center":[-0.10260962694115558,0.86959957160706847],"MaxIterations":200,"Zoom":43.914611204013376,"WidthPixel":700,"HeightPixel":700}