{"Center":[-0.034285714285714364,-1.1102230246251565E-16],"MaxIterations":200,"Zoom":1.0294117647058823,"WidthPixel":700,"HeightPixel":700}