{"Center":[-0.10611292913666935,0.88735630902090112],"MaxIterations":200,"Zoom":156.10271951426628,"WidthPixel":700,"HeightPixel":700}