{"Center":[-0.1527027357648601,0.6183614351163208],"MaxIterations":400,"Zoom":4.4549931973019934,"WidthPixel":700,"HeightPixel":700}