{"Center":[-1.225795918367347,-0.060408163265306181],"MaxIterations":200,"Zoom":5.4060017652250654,"WidthPixel":700,"HeightPixel":700}