{"Center":[-0.20109620991253657,0.46264723032069965],"MaxIterations":200,"Zoom":3.0559515324305058,"WidthPixel":700,"HeightPixel":700}