{"Center":[-0.10737192836318213,0.82827155351936699],"MaxIterations":200,"Zoom":16.675927212112793,"WidthPixel":700,"HeightPixel":700}