{"Center":[-0.44571428571428573,0],"MaxIterations":200,"Zoom":1.5909090909090908,"WidthPixel":700,"HeightPixel":700}