{"Center":[-0.17212827988338209,0.56886297376093287],"MaxIterations":200,"Zoom":3.9244851258581233,"WidthPixel":700,"HeightPixel":700}