{"Center":[-0.10462402570357599,0.87967156541917046],"MaxIterations":200,"Zoom":72.957181552993475,"WidthPixel":700,"HeightPixel":700}