{"Center":[-0.11158683881715964,0.80719700124947935],"MaxIterations":200,"Zoom":12.668847615027437,"WidthPixel":700,"HeightPixel":700}