{"Center":[-0.10611292913666937,0.88827717702657916],"MaxIterations":200,"Zoom":243.67253777836689,"WidthPixel":700,"HeightPixel":700}