{"Center":[-1.476984894389243,-0.0050844110192181987],"MaxIterations":500,"Zoom":2061.0877618453374,"WidthPixel":700,"HeightPixel":700}