{"Center":[-1.4763697792586425,-0.0057990503956684859],"MaxIterations":200,"Zoom":426.18073897361614,"WidthPixel":700,"HeightPixel":700}