{"Center":[-0.10857142857142854,-0.011428571428571344],"MaxIterations":200,"Zoom":1.0736196319018405,"WidthPixel":700,"HeightPixel":700}