{"Center":[-1.4771121432464369,-0.0052504032435464979],"MaxIterations":500,"Zoom":9194.0679572512581,"WidthPixel":700,"HeightPixel":700}