{"Center":[-0.21075218658892136,0.42724198250728851],"MaxIterations":200,"Zoom":2.8460006637902424,"WidthPixel":700,"HeightPixel":700}