{"Center":[-0.11350270720533123,0.79761765930862139],"MaxIterations":200,"Zoom":11.421368090571782,"WidthPixel":700,"HeightPixel":700}