{"Center":[-0.10611292913666937,0.88811702606906995],"MaxIterations":200,"Zoom":222.01275664251207,"WidthPixel":700,"HeightPixel":700}