{"Center":[-0.3085714285714285,0.27428571428571435],"MaxIterations":200,"Zoom":2.3026315789473686,"WidthPixel":700,"HeightPixel":700}