{"Center":[-0.12001665972511463,0.7650478967097043],"MaxIterations":200,"Zoom":8.5566642908054167,"WidthPixel":700,"HeightPixel":700}