{"Center":[-0.10217171416671635,0.86741000773487231],"MaxIterations":200,"Zoom":40.416987302808764,"WidthPixel":700,"HeightPixel":700}