{"Center":[-0.15599766763848411,0.62824623073719299],"MaxIterations":400,"Zoom":4.6247072238658777,"WidthPixel":700,"HeightPixel":700}