{"Center":[-0.10611292913666935,0.88779672415405153],"MaxIterations":200,"Zoom":188.50139714930268,"WidthPixel":700,"HeightPixel":700}