{"Center":[-0.10278479205093127,0.87047539715594691],"MaxIterations":200,"Zoom":45.489238697384373,"WidthPixel":700,"HeightPixel":700}