{"Center":[-0.10583923365264485,0.83593502707205336],"MaxIterations":200,"Zoom":18.843195730654529,"WidthPixel":700,"HeightPixel":700}