{"Center":[-0.41142857142857137,-1.1102230246251565E-16],"MaxIterations":200,"Zoom":1.5217391304347827,"WidthPixel":700,"HeightPixel":700}