{"Center":[-0.86857142857142855,-0.091428571428571415],"MaxIterations":200,"Zoom":2.2151898734177213,"WidthPixel":700,"HeightPixel":700}