{"Center":[-1.1090612244897962,-0.10530612244897958],"MaxIterations":200,"Zoom":3.4160624651422196,"WidthPixel":700,"HeightPixel":700}