{"Center":[-0.17142857142857149,0],"MaxIterations":200,"Zoom":1.1666666666666667,"WidthPixel":700,"HeightPixel":700}