{"Center":[-1.1324081632653062,-0.096326530612244943],"MaxIterations":200,"Zoom":3.6875376279349785,"WidthPixel":700,"HeightPixel":700}