{"Center":[-1.4771248376655506,-0.0052489814686057842],"MaxIterations":1000,"Zoom":31560.406353256723,"WidthPixel":700,"HeightPixel":700}