{"Center":[-0.10348545249003402,0.87397869935146066],"MaxIterations":200,"Zoom":53.106041456016172,"WidthPixel":700,"HeightPixel":700}