{"Center":[-0.11733444398167442,0.77845897542690545],"MaxIterations":200,"Zoom":9.5421667593990946,"WidthPixel":700,"HeightPixel":700}