{"Center":[-1.1557551020408163,-0.087346938775510224],"MaxIterations":200,"Zoom":4.0058862001308038,"WidthPixel":700,"HeightPixel":700}