{"Center":[-0.10611292913666935,0.88743638449965578],"MaxIterations":200,"Zoom":161.13829111150071,"WidthPixel":700,"HeightPixel":700}