{"Center":[-0.068571428571428464,0.82635568513119551],"MaxIterations":200,"Zoom":119.09722222222223,"WidthPixel":700,"HeightPixel":700}