{"Center":[-0.10124114952103301,0.85892544773011248],"MaxIterations":200,"Zoom":30.885001286339076,"WidthPixel":700,"HeightPixel":700}