{"Center":[-0.18500291545189518,0.52165597667638475],"MaxIterations":200,"Zoom":3.4843559528646892,"WidthPixel":700,"HeightPixel":700}