{"Center":[-0.10339786993514619,0.8735407865770215],"MaxIterations":200,"Zoom":52.017307120927001,"WidthPixel":700,"HeightPixel":700}