{"Center":[-0.1046897126197419,0.84168263223656803],"MaxIterations":200,"Zoom":20.878260869565217,"WidthPixel":700,"HeightPixel":700}