{"Center":[-0.10611292913666937,0.88739634676027856],"MaxIterations":200,"Zoom":158.58054045893721,"WidthPixel":700,"HeightPixel":700}