{"Center":[-1.2491428571428571,-0.05142857142857149],"MaxIterations":200,"Zoom":6.1188811188811183,"WidthPixel":700,"HeightPixel":700}