{"Center":[-0.16835366216457443,0.665314214315464],"MaxIterations":400,"Zoom":5.3954917611768582,"WidthPixel":700,"HeightPixel":700}