{"Center":[-0.30857142857142861,0],"MaxIterations":200,"Zoom":1.3461538461538463,"WidthPixel":700,"HeightPixel":700}