{"Center":[-0.11273635985006258,0.80144939608496457],"MaxIterations":200,"Zoom":11.88967019906903,"WidthPixel":700,"HeightPixel":700}