{"Center":[-1.1566553287981858,0.26374149659863944],"MaxIterations":200,"Zoom":5040,"WidthPixel":700,"HeightPixel":700}