{"Center":[-1.319183673469388,-0.024489795918367363],"MaxIterations":200,"Zoom":10.12396694214876,"WidthPixel":700,"HeightPixel":700}