{"Center":[-0.10611292913666937,0.88871759215972945],"MaxIterations":200,"Zoom":333.01913496376812,"WidthPixel":700,"HeightPixel":700}