{"Center":[-0.17856559766763858,0.54525947521865881],"MaxIterations":200,"Zoom":3.6913473956091258,"WidthPixel":700,"HeightPixel":700}