{"Center":[-0.10200749687630167,0.85509371095376929],"MaxIterations":200,"Zoom":27.912113461985584,"WidthPixel":700,"HeightPixel":700}