{"Center":[-0.11618492294877147,0.78420658059142023],"MaxIterations":200,"Zoom":10.037625418060202,"WidthPixel":700,"HeightPixel":700}