{"Center":[-0.10285714285714298,-1.1102230246251565E-16],"MaxIterations":200,"Zoom":1.09375,"WidthPixel":700,"HeightPixel":700}