{"Center":[-0.10611292913666937,0.88875762989910667],"MaxIterations":200,"Zoom":344.50255341079458,"WidthPixel":700,"HeightPixel":700}