{"Center":[-0.10611292913666935,0.88879766763848411],"MaxIterations":200,"Zoom":356.80621603260869,"WidthPixel":700,"HeightPixel":700}