{"Center":[-0.11120366513952529,0.80911286963765094],"MaxIterations":200,"Zoom":12.951774732980903,"WidthPixel":700,"HeightPixel":700}