{"Center":[-0.35755102040816333,0.20897959183673476],"MaxIterations":200,"Zoom":2.1416083916083917,"WidthPixel":700,"HeightPixel":700}