{"Center":[-0.10488677336823953,0.88098530374248818],"MaxIterations":200,"Zoom":79.844747643660682,"WidthPixel":700,"HeightPixel":700}