{"Center":[-0.34775510204081639,0.22204081632653061],"MaxIterations":200,"Zoom":2.1719858156028367,"WidthPixel":700,"HeightPixel":700}