{"Center":[-0.47999999999999987,-1.1102230246251565E-16],"MaxIterations":200,"Zoom":1.6666666666666667,"WidthPixel":700,"HeightPixel":700}