{"Center":[-0.11541857559350285,0.78803831736776342],"MaxIterations":200,"Zoom":10.397540273687858,"WidthPixel":700,"HeightPixel":700}