{"Center":[-0.10427369548402463,0.87791991432141359],"MaxIterations":200,"Zoom":65.431512395664626,"WidthPixel":700,"HeightPixel":700}