{"Center":[-0.10576259891711798,0.88536443148688049],"MaxIterations":200,"Zoom":116.50815217391303,"WidthPixel":700,"HeightPixel":700}