{"Center":[-0.10611292913666935,0.88843732798408825],"MaxIterations":200,"Zoom":270.01551483548764,"WidthPixel":700,"HeightPixel":700}