{"Center":[-0.49273702343588727,0.60372826106828004],"MaxIterations":200,"Zoom":69033000960,"WidthPixel":700,"HeightPixel":700}