{"Center":[-0.16505873029095036,0.6554294186945917],"MaxIterations":400,"Zoom":5.1658963670842253,"WidthPixel":700,"HeightPixel":700}