{"Center":[-0.10514952103290307,0.88229904206580589],"MaxIterations":200,"Zoom":88.168331374853096,"WidthPixel":700,"HeightPixel":700}