{"Center":[-0.32571428571428584,0],"MaxIterations":200,"Zoom":1.3725490196078432,"WidthPixel":700,"HeightPixel":700}