{"Center":[-0.11810079133694307,0.77462723865056227],"MaxIterations":200,"Zoom":9.23816852635629,"WidthPixel":700,"HeightPixel":700}