{"Center":[-0.10611292913666935,0.88895781859599321],"MaxIterations":200,"Zoom":416.27391870471013,"WidthPixel":700,"HeightPixel":700}