{"Center":[-1.4771206738960814,-0.0052631992180129181],"MaxIterations":500,"Zoom":16168.878131717731,"WidthPixel":700,"HeightPixel":700}