{"Center":[-0.10444886059380031,0.87879573987029214],"MaxIterations":200,"Zoom":68.989721528963614,"WidthPixel":700,"HeightPixel":700}