{"Center":[-0.10112072350806223,0.86215505444160168],"MaxIterations":200,"Zoom":33.931051747528912,"WidthPixel":700,"HeightPixel":700}