{"Center":[-0.12193252811328625,0.75546855476884622],"MaxIterations":200,"Zoom":7.9688018586126779,"WidthPixel":700,"HeightPixel":700}