{"Center":[-0.10239067055393597,0.85317784256559759],"MaxIterations":200,"Zoom":26.630434782608695,"WidthPixel":700,"HeightPixel":700}