{"Center":[-0.43428571428571416,-0.045714285714285818],"MaxIterations":200,"Zoom":1.3779527559055118,"WidthPixel":700,"HeightPixel":700}