{"Center":[-0.16569096209912548,0.59246647230320693],"MaxIterations":200,"Zoom":4.1890571568148509,"WidthPixel":700,"HeightPixel":700}