{"Center":[-0.10852144939608507,0.8225239483548521],"MaxIterations":200,"Zoom":15.351662404092069,"WidthPixel":700,"HeightPixel":700}