{"Center":[-0.10162432319866735,0.85700957934194077],"MaxIterations":200,"Zoom":29.323400097703956,"WidthPixel":700,"HeightPixel":700}