{"Center":[-0.10775510204081645,0.82635568513119528],"MaxIterations":200,"Zoom":16.209829867674856,"WidthPixel":700,"HeightPixel":700}