{"Center":[-1.4771243095777153,-0.0052563746982974939],"MaxIterations":1000,"Zoom":26670.765932329625,"WidthPixel":700,"HeightPixel":700}