{"Center":[-0.11082049146189099,0.81102873802582254],"MaxIterations":200,"Zoom":13.247627455307878,"WidthPixel":700,"HeightPixel":700}