{"Center":[-0.10611292913666935,0.88731627128152391],"MaxIterations":200,"Zoom":153.70113921404681,"WidthPixel":700,"HeightPixel":700}