{"Center":[-0.25959183673469388,0.33959183673469384],"MaxIterations":200,"Zoom":2.4898373983739841,"WidthPixel":700,"HeightPixel":700}