{"Center":[-0.12078300708038328,0.76121615993336111],"MaxIterations":200,"Zoom":8.3114095818332867,"WidthPixel":700,"HeightPixel":700}