{"Center":[-1.2958367346938777,-0.033469387755102109],"MaxIterations":200,"Zoom":8.310719131614654,"WidthPixel":700,"HeightPixel":700}