{"Center":[-0.10269720949604341,0.87003748438150763],"MaxIterations":200,"Zoom":44.688058368076227,"WidthPixel":700,"HeightPixel":700}