{"Center":[-0.11886713869221169,0.77079550187421897],"MaxIterations":200,"Zoom":8.9529420538444331,"WidthPixel":700,"HeightPixel":700}