{"Center":[-0.21397084548104972,0.41544023323615153],"MaxIterations":200,"Zoom":2.7822842310188189,"WidthPixel":700,"HeightPixel":700}