{"Center":[-1.4258612244897961,-0.016587755102040837],"MaxIterations":200,"Zoom":24.104683195592287,"WidthPixel":700,"HeightPixel":700}