{"Center":[-0.12039983340274899,0.7631320283215326],"MaxIterations":200,"Zoom":8.4322539860925758,"WidthPixel":700,"HeightPixel":700}