{"Center":[-1.4771253657533856,-0.0052415882389140744],"MaxIterations":1000,"Zoom":38645.395534600073,"WidthPixel":700,"HeightPixel":700}