{"Center":[-0.1052371035877909,0.88273695484024506],"MaxIterations":200,"Zoom":91.342391304347814,"WidthPixel":700,"HeightPixel":700}