{"Center":[-0.16752992919616844,0.66284301541024582],"MaxIterations":400,"Zoom":5.3362006429221678,"WidthPixel":700,"HeightPixel":700}