{"Center":[-0.10277384423157029,0.85126197417742611],"MaxIterations":200,"Zoom":25.461293743372217,"WidthPixel":700,"HeightPixel":700}