{"Center":[-1.4770056286071283,-0.0051113655024692239],"MaxIterations":500,"Zoom":2352.6562744966286,"WidthPixel":700,"HeightPixel":700}