{"Center":[-0.11388588088296556,0.79570179092044979],"MaxIterations":200,"Zoom":11.200783728307519,"WidthPixel":700,"HeightPixel":700}