{"Center":[-0.11999999999999989,1.1102230246251565E-16],"MaxIterations":200,"Zoom":1.1111111111111112,"WidthPixel":700,"HeightPixel":700}