{"Center":[-1.3649026239067057,-0.021103206997084581],"MaxIterations":200,"Zoom":13.472959808943218,"WidthPixel":700,"HeightPixel":700}