{"Center":[-0.12384839650145785,0.74588921282798837],"MaxIterations":200,"Zoom":7.4565217391304346,"WidthPixel":700,"HeightPixel":700}