{"Center":[-0.13672303206997094,0.69868221574344025],"MaxIterations":200,"Zoom":6.0133239831697063,"WidthPixel":700,"HeightPixel":700}