{"Center":[-1.4742410662224077,-0.0090888796334860633],"MaxIterations":200,"Zoom":113.25899090531716,"WidthPixel":700,"HeightPixel":700}