{"Center":[-1.4770470970428993,-0.0051652744689712768],"MaxIterations":500,"Zoom":3280.9152127333937,"WidthPixel":700,"HeightPixel":700}