{"Center":[-0.48489795918367351,0.039183673469387781],"MaxIterations":200,"Zoom":1.8121301775147929,"WidthPixel":700,"HeightPixel":700}