{"Center":[-1.4753054227405253,-0.0074439650145772755],"MaxIterations":200,"Zoom":178.95901160363968,"WidthPixel":700,"HeightPixel":700}