{"Center":[-0.10182138394716497,0.86565835663711543],"MaxIterations":200,"Zoom":37.996003038414237,"WidthPixel":700,"HeightPixel":700}