{"Center":[-0.65142857142857136,-0.068571428571428505],"MaxIterations":200,"Zoom":1.6990291262135921,"WidthPixel":700,"HeightPixel":700}