{"Center":[-0.10322270482537048,0.87266496102814295],"MaxIterations":200,"Zoom":49.968485396251538,"WidthPixel":700,"HeightPixel":700}