{"Center":[-0.10611292913666935,0.8875965354571651],"MaxIterations":200,"Zoom":172.25127670539729,"WidthPixel":700,"HeightPixel":700}