{"Center":[-0.10567501636223012,0.88492651871244121],"MaxIterations":200,"Zoom":111.39316012725344,"WidthPixel":700,"HeightPixel":700}