{"Center":[-0.017142857142857237,0],"MaxIterations":200,"Zoom":1.0144927536231885,"WidthPixel":700,"HeightPixel":700}