{"Center":[-0.10611292913666937,0.88839729024471104],"MaxIterations":200,"Zoom":262.90984339244847,"WidthPixel":700,"HeightPixel":700}