{"Center":[-0.10611292913666935,0.88867755442035212],"MaxIterations":200,"Zoom":322.27658222300141,"WidthPixel":700,"HeightPixel":700}