{"Center":[-1.4747732444814665,-0.0082664223240316685],"MaxIterations":200,"Zoom":138.72326067262003,"WidthPixel":700,"HeightPixel":700}