{"Center":[-0.37714285714285722,0],"MaxIterations":200,"Zoom":1.4583333333333333,"WidthPixel":700,"HeightPixel":700}