{"Center":[-0.14285714285714279,0.14285714285714279],"MaxIterations":200,"Zoom":3.3333333333333335,"WidthPixel":700,"HeightPixel":700}