{"Center":[-0.1020841316118285,0.86697209496043315],"MaxIterations":200,"Zoom":39.783271474019081,"WidthPixel":700,"HeightPixel":700}