{"Center":[-0.10549985125245444,0.88405069316356277],"MaxIterations":200,"Zoom":102.4017839734841,"WidthPixel":700,"HeightPixel":700}