{"Center":[-0.16588246325935641,0.65790061759980978],"MaxIterations":400,"Zoom":5.2214436398485722,"WidthPixel":700,"HeightPixel":700}