{"Center":[-0.10479919081335168,0.88054739096804902],"MaxIterations":200,"Zoom":77.408806190125262,"WidthPixel":700,"HeightPixel":700}