{"Center":[-0.15925364431486894,0.6160699708454811],"MaxIterations":200,"Zoom":4.4918805657412264,"WidthPixel":700,"HeightPixel":700}