{"Center":[-0.10252204438626773,0.86916165883262919],"MaxIterations":200,"Zoom":43.167481712829783,"WidthPixel":700,"HeightPixel":700}