{"Center":[-0.46530612244897962,0.065306122448979709],"MaxIterations":200,"Zoom":1.856060606060606,"WidthPixel":700,"HeightPixel":700}