{"Center":[-0.44571428571428584,0.091428571428571415],"MaxIterations":200,"Zoom":1.9021739130434781,"WidthPixel":700,"HeightPixel":700}