{"Center":[-0.15517393467007812,0.62577503183197503],"MaxIterations":400,"Zoom":4.5810779104331809,"WidthPixel":700,"HeightPixel":700}