{"Center":[-1.4771149867963183,-0.0052546685683686383],"MaxIterations":500,"Zoom":10738.109904270554,"WidthPixel":700,"HeightPixel":700}