{"Center":[-0.10611292913666935,0.88855744120222013],"MaxIterations":200,"Zoom":293.84041320332477,"WidthPixel":700,"HeightPixel":700}