{"Center":[-0.11848396501457736,0.77271137026239067],"MaxIterations":200,"Zoom":9.0933191940615057,"WidthPixel":700,"HeightPixel":700}