{"Center":[-0.16423499732254432,0.65295821978937374],"MaxIterations":400,"Zoom":5.1115185105886018,"WidthPixel":700,"HeightPixel":700}