{"Center":[-0.1230820491461892,0.74972094960433155],"MaxIterations":200,"Zoom":7.653321433125079,"WidthPixel":700,"HeightPixel":700}