{"Center":[-1.477125101709468,-0.0052452848537599284],"MaxIterations":1000,"Zoom":34745.401489823918,"WidthPixel":700,"HeightPixel":700}